leader,follower,lagged_correlation
FETUSDT,ETHUSDT,-0.04520007048773554
FETUSDT,BTCUSDT,-0.04520007048773567
BTCUSDT,FETUSDT,-0.15549721398120323
ETHUSDT,FETUSDT,-0.15549721398120325
BTCUSDT,ETHUSDT,-0.24602096615832073
ETHUSDT,BTCUSDT,-0.24602096615832147
