sector,avg_return,avg_volume,asset_count,avg_sentiment,rotation_score
infra,0.0042,1595.0,2,0.058666666666666666,3.006666666666667
AI,0.012375,1595.0,1,0.058666666666666666,2.8241666666666667
